sentiment_flag,trades,avg_pnl,win_rate,total_notional
Fear,16195,110.134332769682,0.3690027786353813,89254631.1
Greed,16913,104.44783351339207,0.47478271152368,75269576.01
